{"cameraMode":{"drawMode":0,"name":"Shaded","section":"Shading Mode"},"sceneLighting":false,"audioPlay":false,"sceneViewState":{"showFog":true,"showMaterialUpdate":false,"showSkybox":false,"showFlares":true,"showImageEffects":true,"showParticleSystems":true,"showVisualEffectGraphs":true,"m_FxEnabled":true},"in2DMode":false,"pivot":{"x":-0.27096617221832278,"y":-0.40446507930755618,"z":0.5764826536178589},"rotation":{"x":-0.20884403586387635,"y":0.5627906918525696,"z":-0.14959976077079774,"w":-0.7856661081314087},"size":1.2314903736114503,"orthographic":false}