{"cameraMode":{"drawMode":0,"name":"Shaded","section":"Shading Mode"},"sceneLighting":false,"audioPlay":false,"sceneViewState":{"showFog":true,"showMaterialUpdate":false,"showSkybox":false,"showFlares":true,"showImageEffects":true,"showParticleSystems":true,"showVisualEffectGraphs":true,"m_FxEnabled":true},"in2DMode":false,"pivot":{"x":0.20414796471595765,"y":1.9008591175079346,"z":-1.0113565921783448},"rotation":{"x":0.49102741479873659,"y":0.47393572330474856,"z":0.631120502948761,"w":-0.36873728036880495},"size":1.8640661239624024,"orthographic":false}