{"cameraMode":{"drawMode":0,"name":"Shaded","section":"Shading Mode"},"sceneLighting":true,"audioPlay":false,"sceneViewState":{"showFog":true,"showMaterialUpdate":false,"showSkybox":true,"showFlares":true,"showImageEffects":false,"showParticleSystems":true,"showVisualEffectGraphs":true,"m_FxEnabled":true},"in2DMode":false,"pivot":{"x":-46.142677307128909,"y":54.59185028076172,"z":-7.594879150390625},"rotation":{"x":0.12714973092079163,"y":0.008926826529204846,"z":-0.0011443791445344687,"w":0.9918429851531982},"size":65.79271697998047,"orthographic":false}