{"cameraMode":{"drawMode":0,"name":"Shaded","section":"Shading Mode"},"sceneLighting":false,"audioPlay":false,"sceneViewState":{"showFog":true,"showMaterialUpdate":false,"showSkybox":false,"showFlares":true,"showImageEffects":true,"showParticleSystems":true,"showVisualEffectGraphs":true,"m_FxEnabled":true},"in2DMode":false,"pivot":{"x":-1.7723889350891114,"y":-0.2684094309806824,"z":0.05516231060028076},"rotation":{"x":-0.13236244022846223,"y":0.4080333113670349,"z":-0.059920407831668857,"w":-0.9013317823410034},"size":2.495333671569824,"orthographic":false}